sampleId,nFlies,gds
AT_Kar_See_1_2014-08-17,40,TRUE
AT_Kar_See_1_2016-08-01,40,TRUE
AT_Nie_Mau_1_2014-07-20,40,TRUE
AT_Nie_Mau_1_2014-10-19,40,TRUE
AT_Nie_Mau_1_2015-07-20,40,TRUE
AT_Nie_Mau_1_2015-10-19,40,TRUE
AT_Wie_Gro_1_2012-08-03,62,TRUE
AT_Wie_Gro_1_2012-10-20,44,TRUE
AU_Que_Inn_-1_2014-02-15,586,TRUE
AU_Que_Inn_0_2014-02-15,634,TRUE
AU_Que_Inn_10_2014-02-15,24,TRUE
AU_Que_Inn_11_2014-02-15,24,TRUE
AU_Que_Inn_12_2014-02-15,24,TRUE
AU_Que_Inn_13_2014-02-15,72,TRUE
AU_Que_Inn_14_2014-02-15,72,TRUE
AU_Que_Inn_15_2014-02-15,125,TRUE
AU_Que_Inn_16_2014-02-15,125,TRUE
AU_Que_Inn_17_2014-02-15,72,TRUE
AU_Que_Inn_18_2014-02-15,72,TRUE
AU_Que_Inn_19_2014-02-15,24,TRUE
AU_Que_Inn_1_2014-02-15,24,TRUE
AU_Que_Inn_1_NA-MM-DD,22,TRUE
AU_Que_Inn_20_2014-02-15,24,TRUE
AU_Que_Inn_2_2014-02-15,24,TRUE
AU_Que_Inn_3_2014-02-15,72,TRUE
AU_Que_Inn_4_2014-02-15,72,TRUE
AU_Que_Inn_5_2014-02-15,125,TRUE
AU_Que_Inn_6_2014-02-15,125,TRUE
AU_Que_Inn_7_2014-02-15,72,TRUE
AU_Que_Inn_8_2014-02-15,72,TRUE
AU_Que_Inn_9_2014-02-15,24,TRUE
AU_Que_Isl_0_2014-03-15,634,TRUE
AU_Que_Isl_10_2014-03-15,24,TRUE
AU_Que_Isl_1_2014-03-15,24,TRUE
AU_Que_Isl_2_2014-03-15,72,TRUE
AU_Que_Isl_3_2014-03-15,125,TRUE
AU_Que_Isl_4_2014-03-15,72,TRUE
AU_Que_Isl_5_2014-03-15,24,TRUE
AU_Que_Isl_6_2014-03-15,24,TRUE
AU_Que_Isl_7_2014-03-15,72,TRUE
AU_Que_Isl_8_2014-03-15,125,TRUE
AU_Que_Isl_9_2014-03-15,72,TRUE
AU_Que_Que_1_2004-07-01,17,TRUE
AU_Que_Que_2_2004-07-01,17,TRUE
AU_Que_Yep_0_2014-05-16,634,TRUE
AU_Que_Yep_10_2014-05-16,24,TRUE
AU_Que_Yep_1_2014-05-16,24,TRUE
AU_Que_Yep_2_2014-05-16,72,TRUE
AU_Que_Yep_3_2014-05-16,125,TRUE
AU_Que_Yep_4_2014-05-16,72,TRUE
AU_Que_Yep_5_2014-05-16,24,TRUE
AU_Que_Yep_6_2014-05-16,24,TRUE
AU_Que_Yep_7_2014-05-16,72,TRUE
AU_Que_Yep_8_2014-05-16,125,TRUE
AU_Que_Yep_9_2014-05-16,72,TRUE
AU_Sou_MtG_0_2014-04-16,634,TRUE
AU_Sou_MtG_10_2014-04-16,24,TRUE
AU_Sou_MtG_1_2014-04-16,24,TRUE
AU_Sou_MtG_2_2014-04-16,72,TRUE
AU_Sou_MtG_3_2014-04-16,125,TRUE
AU_Sou_MtG_4_2014-04-16,72,TRUE
AU_Sou_MtG_5_2014-04-16,24,TRUE
AU_Sou_MtG_6_2014-04-16,24,TRUE
AU_Sou_MtG_7_2014-04-16,72,TRUE
AU_Sou_MtG_8_2014-04-16,125,TRUE
AU_Sou_MtG_9_2014-04-16,72,TRUE
AU_Tas_Hil_0_2014-04-16,634,TRUE
AU_Tas_Hil_10_2014-04-16,24,TRUE
AU_Tas_Hil_1_2014-04-16,24,TRUE
AU_Tas_Hil_2_2014-04-16,72,TRUE
AU_Tas_Hil_3_2014-04-16,125,TRUE
AU_Tas_Hil_4_2014-04-16,72,TRUE
AU_Tas_Hil_5_2014-04-16,24,TRUE
AU_Tas_Hil_6_2014-04-16,24,TRUE
AU_Tas_Hil_7_2014-04-16,72,TRUE
AU_Tas_Hil_8_2014-04-16,125,TRUE
AU_Tas_Hil_9_2014-04-16,72,TRUE
AU_Tas_Luc_0_2014-04-16,634,TRUE
AU_Tas_Luc_10_2014-04-16,24,TRUE
AU_Tas_Luc_1_2014-04-16,24,TRUE
AU_Tas_Luc_2_2014-04-16,72,TRUE
AU_Tas_Luc_3_2014-04-16,125,TRUE
AU_Tas_Luc_4_2014-04-16,72,TRUE
AU_Tas_Luc_5_2014-04-16,24,TRUE
AU_Tas_Luc_6_2014-04-16,24,TRUE
AU_Tas_Luc_7_2014-04-16,72,TRUE
AU_Tas_Luc_8_2014-04-16,125,TRUE
AU_Tas_Luc_9_2014-04-16,72,TRUE
AU_Tas_Sor_1_2004-07-01,18,TRUE
AU_Tas_Tas_1_2004-07-01,15,TRUE
AU_Tas_Tas_2_2004-07-01,15,TRUE
AU_Vic_Ham_0_2014-05-16,634,TRUE
AU_Vic_Ham_10_2014-05-16,24,TRUE
AU_Vic_Ham_1_2014-05-16,24,TRUE
AU_Vic_Ham_2_2014-05-16,72,TRUE
AU_Vic_Ham_3_2014-05-16,125,TRUE
AU_Vic_Ham_4_2014-05-16,72,TRUE
AU_Vic_Ham_5_2014-05-16,24,TRUE
AU_Vic_Ham_6_2014-05-16,24,TRUE
AU_Vic_Ham_7_2014-05-16,72,TRUE
AU_Vic_Ham_8_2014-05-16,125,TRUE
AU_Vic_Ham_9_2014-05-16,72,TRUE
AU_Vic_Mel_1_2021-04-19,40,TRUE
AU_Vic_Tah_1_2017-12-04,40,TRUE
AU_Vic_Yer_1_NA-MM-DD,22,TRUE
BR_Rio_San_1_2020-01-06,40,TRUE
BR_Sao_USP_1_2019-09-15,34,TRUE
BY_Bre_Bre_1_2015-09-11,40,TRUE
CA_New_StJ_0_2013-10-15,634,TRUE
CA_New_StJ_10_2013-10-15,24,TRUE
CA_New_StJ_1_2013-10-15,24,TRUE
CA_New_StJ_2_2013-10-15,72,TRUE
CA_New_StJ_3_2013-10-15,125,TRUE
CA_New_StJ_4_2013-10-15,72,TRUE
CA_New_StJ_5_2013-10-15,24,TRUE
CA_New_StJ_6_2013-10-15,24,TRUE
CA_New_StJ_7_2013-10-15,72,TRUE
CA_New_StJ_8_2013-10-15,125,TRUE
CA_New_StJ_9_2013-10-15,72,TRUE
CA_Nov_Gas_0_2013-10-15,634,TRUE
CA_Nov_Gas_10_2013-10-15,24,TRUE
CA_Nov_Gas_1_2013-10-15,24,TRUE
CA_Nov_Gas_2_2013-10-15,72,TRUE
CA_Nov_Gas_3_2013-10-15,125,TRUE
CA_Nov_Gas_4_2013-10-15,72,TRUE
CA_Nov_Gas_5_2013-10-15,24,TRUE
CA_Nov_Gas_6_2013-10-15,24,TRUE
CA_Nov_Gas_7_2013-10-15,72,TRUE
CA_Nov_Gas_8_2013-10-15,125,TRUE
CA_Nov_Gas_9_2013-10-15,72,TRUE
CA_Ont_Sud_1_2015-08-03,108,TRUE
CA_Ont_Sud_1_2015-09-30,110,TRUE
CH_Fri_Ors_1_2020-08-23,40,TRUE
CH_Vau_Cha_1_2014-07-24,40,TRUE
CH_Vau_Cha_1_2014-10-05,40,TRUE
CH_Vau_Cha_1_2015-08-01,40,TRUE
CH_Vau_Cha_1_2016-08-15,40,TRUE
CH_Vau_Vul_1_2018-09-18,40,TRUE
CH_Vau_Vul_1_2019-07-17,40,TRUE
CH_Vau_Vul_1_2019-09-24,40,TRUE
CH_Vau_Vul_1_2020-07-29,40,TRUE
CH_Vau_Vul_1_2020-09-15,40,TRUE
CM_Nor_Oku_1_2004-04-15,10,TRUE
CN_Bei_Bei_1_1992-09-16,15,TRUE
CO_Cun_LaV_1_2019-02-21,40,TRUE
CO_Cun_Tab_1_2019-12-20,39,TRUE
CO_Mag_Sie_1_2019-07-24,40,TRUE
CO_Tol_Gir_1_2019-04-04,40,TRUE
CO_Tol_Mel_1_2019-06-11,40,TRUE
CY_Nic_Nic_1_2014-08-10,40,TRUE
DE_Bad_Bro_1_2014-06-26,40,TRUE
DE_Bad_Bro_1_2014-10-15,40,TRUE
DE_Bad_Bro_1_2015-06-30,40,TRUE
DE_Bad_Bro_1_2015-10-25,40,TRUE
DE_Bad_Bro_1_2016-07-24,40,TRUE
DE_Bad_Bro_1_2016-10-23,40,TRUE
DE_Bad_Bro_1_2017-06-27,40,TRUE
DE_Bad_Bro_1_2018-06-26,40,TRUE
DE_Bad_Bro_1_2019-07-03,39,TRUE
DE_Bad_Bro_1_2020-07-16,40,TRUE
DE_Bad_Bro_1_2020-10-24,40,TRUE
DE_Bad_Bro_1_2021-07-21,40,TRUE
DE_Bad_Bro_1_2021-10-20,40,TRUE
DE_Bad_Wal_1_2019-10-02,40,TRUE
DE_Bad_Wal_1_2020-10-02,20,TRUE
DE_Bay_Mun_1_2014-06-19,40,TRUE
DE_Bay_Mun_1_2014-09-03,40,TRUE
DE_Bay_Mun_1_2015-06-01,40,TRUE
DE_Bay_Mun_1_2015-09-01,40,TRUE
DE_Bay_Mun_1_2016-06-25,40,TRUE
DE_Bay_Mun_1_2016-09-01,40,TRUE
DE_Bay_Mun_1_2017-06-20,40,TRUE
DE_Bay_Mun_1_2017-09-03,40,TRUE
DE_Bay_Mun_1_2018-06-25,40,TRUE
DE_Bay_Mun_1_2018-09-09,40,TRUE
DE_Bay_Mun_1_2019-06-22,40,TRUE
DE_Bay_Mun_1_2019-09-02,40,TRUE
DE_Bay_Mun_1_2020-06-25,40,TRUE
DE_Bay_Mun_1_2020-09-05,40,TRUE
DE_Bay_Mun_1_2021-06-25,40,TRUE
DE_Bay_Mun_1_2021-09-04,40,TRUE
DE_Bay_Wue_1_2020-07-18,40,TRUE
DE_Bay_Wue_1_2020-09-23,40,TRUE
DE_Bay_Wue_1_2021-07-27,40,TRUE
DE_Bay_Wue_1_2021-10-18,40,TRUE
DE_Bra_Ber_1_2021-07-24,40,TRUE
DE_Bra_Ber_2_2021-07-24,40,TRUE
DK_Mid_Kar_1_2014-09-01,40,TRUE
DK_Mid_Kar_1_2014-11-25,40,TRUE
DK_Mid_Kar_1_2016-06-08,40,TRUE
DK_Mid_Kar_1_2016-09-15,40,TRUE
DK_Mid_Kar_1_2016-11-22,40,TRUE
DK_Mid_Kar_1_2017-08-08,40,TRUE
DK_Mid_Kar_1_2018-06-30,39,TRUE
DK_Mid_Kar_1_2018-10-05,40,TRUE
DK_Mid_Kar_1_2019-07-09,40,TRUE
DK_Mid_Kar_1_2019-10-01,40,TRUE
DK_Mid_Kar_1_2020-07-31,35,TRUE
DK_Mid_Kar_1_2020-10-31,40,TRUE
EC_Pic_Con_1_2019-06-26,40,TRUE
EG_Al_Cai_1_2011-01-16,29,TRUE
ES_Bal_Tom_1_2021-10-07,NA,TRUE
ES_Bar_Bar_1_2012-07-13,55,TRUE
ES_Bar_Bar_1_2012-10-16,29,TRUE
ES_Ciu_Man_1_2020-08-10,30,TRUE
ES_Ciu_Tom_1_2015-09-17,40,TRUE
ES_Ciu_Tom_1_2015-10-08,40,TRUE
ES_Ciu_Tom_1_2016-09-02,40,TRUE
ES_Ciu_Tom_1_2016-10-11,40,TRUE
ES_Ciu_Tom_1_2017-10-04,40,TRUE
ES_Ciu_Tom_1_2018-10-03,40,TRUE
ES_Ciu_Tom_1_2020-09-30,40,TRUE
ES_Ciu_Tom_1_2021-10-07,32,NA
ES_Gra_Ben_1_2016-10-08,40,TRUE
ES_Gra_Ben_1_2017-10-05,40,TRUE
ES_Gra_Cor_1_2015-08-08,40,TRUE
ES_Gra_Cor_1_2017-07-28,40,TRUE
ES_Gra_Gua_1_2015-09-12,40,TRUE
ES_Gra_Pur_1_2016-08-30,40,TRUE
ES_Ler_Gim_1_2014-08-13,40,TRUE
ES_Ler_Gim_1_2014-10-20,40,TRUE
ES_Ler_Gim_1_2015-06-28,40,TRUE
ES_Ler_Gim_1_2015-10-22,40,TRUE
ES_Ler_Gim_1_2016-08-25,40,TRUE
ES_Ler_Gim_1_2016-10-21,40,TRUE
ES_Ler_Gim_1_2017-07-24,40,TRUE
ES_Ler_Gim_1_2017-10-14,40,TRUE
ES_Ler_Gim_1_2018-08-25,40,TRUE
ES_Ler_Gim_1_2018-10-26,40,TRUE
ES_Ler_Gim_1_2019-08-25,40,TRUE
ES_Ler_Gim_1_2020-10-26,27,TRUE
ES_Ler_Gim_1_2021-08-31,23,TRUE
ES_Mad_Yep_1_2018-11-06,32,TRUE
ES_Tol_Vil_1_2018-10-07,40,TRUE
ES_Zar_Ose_1_2018-09-20,40,TRUE
ES_Zar_Pin_1_2018-10-10,18,TRUE
ET_Amh_Deb_1_2011-12-16,5,TRUE
ET_Gam_Gam_1_2011-12-16,20,TRUE
ET_Oro_Dod_1_2008-12-16,5,TRUE
ET_Oro_Fic_1_2011-12-16,63,TRUE
ET_Sou_Bon_1_2011-12-16,5,TRUE
ExpEvo_PRJEB5713_CO_1_2014_MM_DD,NA,TRUE
ExpEvo_PRJEB5713_CO_2_2014_MM_DD,NA,TRUE
ExpEvo_PRJEB5713_CO_3_2014_MM_DD,NA,TRUE
ExpEvo_PRJEB5713_CO_4_2014_MM_DD,NA,TRUE
ExpEvo_PRJEB5713_ContSys_1_2010-MM-DD,200,TRUE
ExpEvo_PRJEB5713_ContSys_2_2010-MM-DD,200,TRUE
ExpEvo_PRJEB5713_ContSys_3_2010-MM-DD,200,TRUE
ExpEvo_PRJEB5713_ContSys_4_2010-MM-DD,200,TRUE
ExpEvo_PRJEB5713_Control_1_2010-MM-DD,200,TRUE
ExpEvo_PRJEB5713_Control_2_2010-MM-DD,200,TRUE
ExpEvo_PRJEB5713_Control_3_2010-MM-DD,200,TRUE
ExpEvo_PRJEB5713_Control_4_2010-MM-DD,200,TRUE
ExpEvo_PRJEB5713_SIC_1_2014_MM_DD,NA,TRUE
ExpEvo_PRJEB5713_SIC_2_2014_MM_DD,NA,TRUE
ExpEvo_PRJEB5713_SIC_3_2014_MM_DD,NA,TRUE
ExpEvo_PRJEB5713_SIC_4_2014_MM_DD,NA,TRUE
ExpEvo_PRJEB5713_VSP_1_2014_MM_DD,NA,TRUE
ExpEvo_PRJEB5713_VSP_2_2014_MM_DD,NA,TRUE
ExpEvo_PRJEB5713_VSP_3_2014_MM_DD,NA,TRUE
ExpEvo_PRJEB5713_VSP_4_2014_MM_DD,NA,TRUE
ExpEvo_PRJEB5713_VirSys_1_2010-MM-DD,200,TRUE
ExpEvo_PRJEB5713_VirSys_2_2010-MM-DD,200,TRUE
ExpEvo_PRJEB5713_VirSys_3_2010-MM-DD,200,TRUE
ExpEvo_PRJEB5713_VirSys_4_2010-MM-DD,200,TRUE
ExpEvo_PRJNA170455_DMC1_1_1995_MM_DD,50,NA
ExpEvo_PRJNA170455_DMC1_2_1995_MM_DD,50,TRUE
ExpEvo_PRJNA170455_DMC1_3_1995_MM_DD,50,TRUE
ExpEvo_PRJNA170455_DMC1_4_1995_MM_DD,50,TRUE
ExpEvo_PRJNA170455_DMC2_1_1995_MM_DD,50,TRUE
ExpEvo_PRJNA170455_DMC2_2_1995_MM_DD,50,TRUE
ExpEvo_PRJNA170455_DMC2_3_1995_MM_DD,50,TRUE
ExpEvo_PRJNA170455_DMC2_4_1995_MM_DD,50,TRUE
ExpEvo_PRJNA170455_DMC3_1_1995_MM_DD,50,TRUE
ExpEvo_PRJNA170455_DMC3_2_1995_MM_DD,50,TRUE
ExpEvo_PRJNA170455_DMC3_3_1995_MM_DD,50,TRUE
ExpEvo_PRJNA170455_DMC3_4_1995_MM_DD,50,TRUE
ExpEvo_PRJNA170455_DMC4_1_1995_MM_DD,50,TRUE
ExpEvo_PRJNA170455_DMC4_2_1995_MM_DD,50,TRUE
ExpEvo_PRJNA170455_DMC4_3_1995_MM_DD,50,TRUE
ExpEvo_PRJNA170455_DMC4_4_1995_MM_DD,50,TRUE
ExpEvo_PRJNA170455_DMS1_1_1995_MM_DD,50,TRUE
ExpEvo_PRJNA170455_DMS1_2_1995_MM_DD,50,TRUE
ExpEvo_PRJNA170455_DMS1_3_1995_MM_DD,50,TRUE
ExpEvo_PRJNA170455_DMS1_4_1995_MM_DD,50,TRUE
ExpEvo_PRJNA170455_DMS2_1_1995_MM_DD,50,NA
ExpEvo_PRJNA170455_DMS2_2_1995_MM_DD,50,TRUE
ExpEvo_PRJNA170455_DMS2_3_1995_MM_DD,50,TRUE
ExpEvo_PRJNA170455_DMS2_4_1995_MM_DD,50,TRUE
ExpEvo_PRJNA170455_DMS3_1_1995_MM_DD,50,TRUE
ExpEvo_PRJNA170455_DMS3_2_1995_MM_DD,50,TRUE
ExpEvo_PRJNA170455_DMS3_3_1995_MM_DD,50,TRUE
ExpEvo_PRJNA170455_DMS3_4_1995_MM_DD,50,TRUE
ExpEvo_PRJNA170455_DMS4_1_1995_MM_DD,50,TRUE
ExpEvo_PRJNA170455_DMS4_2_1995_MM_DD,50,TRUE
ExpEvo_PRJNA170455_DMS4_3_1995_MM_DD,50,TRUE
ExpEvo_PRJNA170455_DMS4_4_1995_MM_DD,50,NA
ExpEvo_PRJNA194129_BL_1_2010-06-DD,60,TRUE
ExpEvo_PRJNA194129_BL_2_2010-06-DD,60,TRUE
ExpEvo_PRJNA194129_BL_3_2010-06-DD,60,TRUE
ExpEvo_PRJNA194129_BL_4_2010-06-DD,60,TRUE
ExpEvo_PRJNA194129_BL_5_2010-06-DD,60,TRUE
ExpEvo_PRJNA194129_BL_6_2010-06-DD,60,TRUE
ExpEvo_PRJNA194129_BL_7_2010-06-DD,60,TRUE
ExpEvo_PRJNA194129_HF1_1_2010-06-DD,60,TRUE
ExpEvo_PRJNA194129_HF1_2_2010-06-DD,60,TRUE
ExpEvo_PRJNA194129_HF1_3_2010-06-DD,60,TRUE
ExpEvo_PRJNA194129_HF1_4_2010-06-DD,60,TRUE
ExpEvo_PRJNA194129_HF2_1_2010-06-DD,60,TRUE
ExpEvo_PRJNA194129_HS1_1_2010-06-DD,60,TRUE
ExpEvo_PRJNA194129_HS1_2_2010-06-DD,60,TRUE
ExpEvo_PRJNA194129_HS1_3_2010-06-DD,60,TRUE
ExpEvo_PRJNA194129_HS2_1_2010-06-DD,60,NA
ExpEvo_PRJNA194129_LS1_1_2010-06-DD,60,TRUE
ExpEvo_PRJNA194129_LS1_2_2010-06-DD,60,TRUE
ExpEvo_PRJNA194129_LS1_3_2010-06-DD,60,TRUE
ExpEvo_PRJNA194129_LS1_4_2010-06-DD,60,TRUE
ExpEvo_PRJNA194129_LS2_1_2010-06-DD,60,NA
ExpEvo_PRJNA285429_ACO1_A_1980-MM-DD,1000,TRUE
ExpEvo_PRJNA285429_ACO1_B_1980-MM-DD,1000,TRUE
ExpEvo_PRJNA285429_ACO_2_1980-MM-DD,1000,TRUE
ExpEvo_PRJNA285429_ACO_3_1980-MM-DD,1000,TRUE
ExpEvo_PRJNA285429_ACO_4_1980-MM-DD,1000,TRUE
ExpEvo_PRJNA285429_ACO_5_1980-MM-DD,1000,TRUE
ExpEvo_PRJNA285429_AO4_A_1980-MM-DD,1000,TRUE
ExpEvo_PRJNA285429_AO4_B_1980-MM-DD,1000,TRUE
ExpEvo_PRJNA285429_AO5_A_1980-MM-DD,1000,TRUE
ExpEvo_PRJNA285429_AO5_B_1980-MM-DD,1000,TRUE
ExpEvo_PRJNA285429_AO_1_1980-MM-DD,1000,TRUE
ExpEvo_PRJNA285429_AO_2_1980-MM-DD,1000,TRUE
ExpEvo_PRJNA285429_AO_3_1980-MM-DD,1000,TRUE
ExpEvo_PRJNA285429_B1_A_1980-MM-DD,1000,TRUE
ExpEvo_PRJNA285429_B1_B_1980-MM-DD,1000,TRUE
ExpEvo_PRJNA285429_B2_A_1980-MM-DD,1000,TRUE
ExpEvo_PRJNA285429_B2_B_1980-MM-DD,1000,TRUE
ExpEvo_PRJNA285429_B3_A_1980-MM-DD,1000,TRUE
ExpEvo_PRJNA285429_B3_B_1980-MM-DD,1000,TRUE
ExpEvo_PRJNA285429_B4_A_1980-MM-DD,1000,TRUE
ExpEvo_PRJNA285429_B4_B_1980-MM-DD,1000,TRUE
ExpEvo_PRJNA285429_B5_A_1980-MM-DD,1000,TRUE
ExpEvo_PRJNA285429_B5_B_1980-MM-DD,1000,TRUE
ExpEvo_PRJNA285429_BO1_A_1980-MM-DD,1000,TRUE
ExpEvo_PRJNA285429_BO1_B_1980-MM-DD,1000,TRUE
ExpEvo_PRJNA285429_BO2_A_1980-MM-DD,1000,TRUE
ExpEvo_PRJNA285429_BO2_B_1980-MM-DD,1000,TRUE
ExpEvo_PRJNA285429_BO3_A_1980-MM-DD,1000,TRUE
ExpEvo_PRJNA285429_BO3_B_1980-MM-DD,1000,TRUE
ExpEvo_PRJNA285429_BO4_A_1980-MM-DD,1000,TRUE
ExpEvo_PRJNA285429_BO4_B_1980-MM-DD,1000,TRUE
ExpEvo_PRJNA285429_BO5_A_1980-MM-DD,1000,TRUE
ExpEvo_PRJNA285429_BO5_B_1980-MM-DD,1000,TRUE
ExpEvo_PRJNA285429_CO1_A_1980-MM-DD,1000,TRUE
ExpEvo_PRJNA285429_CO1_B_1980-MM-DD,1000,TRUE
ExpEvo_PRJNA285429_CO2_A_1980-MM-DD,1000,TRUE
ExpEvo_PRJNA285429_CO2_B_1980-MM-DD,1000,TRUE
ExpEvo_PRJNA285429_CO3_A_1980-MM-DD,1000,TRUE
ExpEvo_PRJNA285429_CO3_B_1980-MM-DD,1000,TRUE
ExpEvo_PRJNA285429_CO4_A_1980--DD,1000,TRUE
ExpEvo_PRJNA285429_CO4_B_1980--DD,1000,TRUE
ExpEvo_PRJNA285429_CO5_A_1980--DD,1000,TRUE
ExpEvo_PRJNA285429_CO5_B_1980--DD,1000,TRUE
ExpEvo_PRJNA285429_nCO1_A_1980--DD,NA,TRUE
ExpEvo_PRJNA285429_nCO1_A_1980-MM-DD,1000,TRUE
ExpEvo_PRJNA285429_nCO1_B_1980--DD,NA,TRUE
ExpEvo_PRJNA285429_nCO1_B_1980-MM-DD,1000,TRUE
ExpEvo_PRJNA285429_nCO2_A_1980--DD,1000,TRUE
ExpEvo_PRJNA285429_nCO2_B_1980--DD,1000,TRUE
ExpEvo_PRJNA285429_nCO3_A_1980--DD,1000,TRUE
ExpEvo_PRJNA285429_nCO3_B_1980--DD,1000,TRUE
ExpEvo_PRJNA285429_nCO4_A_1980--DD,NA,TRUE
ExpEvo_PRJNA285429_nCO4_A_1980-MM-DD,1000,TRUE
ExpEvo_PRJNA285429_nCO4_B_1980--DD,NA,TRUE
ExpEvo_PRJNA285429_nCO4_B_1980-MM-DD,1000,TRUE
ExpEvo_PRJNA285429_nCO5_A_1980--DD,1000,TRUE
ExpEvo_PRJNA285429_nCO5_B_1980--DD,1000,NA
ExpEvo_PRJNA315172_FA_1_1998-MM-DD,NA,TRUE
ExpEvo_PRJNA315172_FB_1_1998-MM-DD,NA,TRUE
ExpEvo_PRJNA315172_FC_1_1998-MM-DD,NA,TRUE
ExpEvo_PRJNA315172_F_1_1998--DD,NA,TRUE
ExpEvo_PRJNA315172_F_1_1998-MM-DD,100,TRUE
ExpEvo_PRJNA315172_F_2_1998--DD,NA,TRUE
ExpEvo_PRJNA315172_F_2_1998-MM-DD,100,TRUE
ExpEvo_PRJNA315172_F_3_1998--DD,NA,TRUE
ExpEvo_PRJNA315172_F_3_1998-MM-DD,100,TRUE
ExpEvo_PRJNA315172_SA_1_1998-MM-DD,NA,TRUE
ExpEvo_PRJNA315172_SB_1_1998-MM-DD,NA,TRUE
ExpEvo_PRJNA315172_SC_1_1998-MM-DD,NA,TRUE
ExpEvo_PRJNA315172_S_1_1998--DD,NA,TRUE
ExpEvo_PRJNA315172_S_1_2006-MM-DD,100,TRUE
ExpEvo_PRJNA315172_S_2_1998--DD,NA,TRUE
ExpEvo_PRJNA315172_S_2_1998-MM-DD,100,TRUE
ExpEvo_PRJNA315172_S_3_1998--DD,NA,TRUE
ExpEvo_PRJNA315172_S_3_1998-MM-DD,100,TRUE
ExpEvo_PRJNA657615_C17_1_1999-10-DD,NA,TRUE
ExpEvo_PRJNA657615_C17_2_1999-10-DD,NA,TRUE
ExpEvo_PRJNA657615_C17_3_1999-10-DD,NA,TRUE
ExpEvo_PRJNA657615_C4_1_1999-10-DD,NA,TRUE
ExpEvo_PRJNA657615_C4_2_1999-10-DD,NA,TRUE
ExpEvo_PRJNA657615_C4_3_1999-10-DD,NA,TRUE
ExpEvo_PRJNA657615_H114_1_1999-10-DD,NA,TRUE
ExpEvo_PRJNA657615_H114_2_1999-10-DD,NA,TRUE
ExpEvo_PRJNA657615_H114_3_1999-10-DD,NA,TRUE
ExpEvo_PRJNA657615_H12_1_1999-10-DD,NA,TRUE
ExpEvo_PRJNA657615_H12_2_1999-10-DD,NA,TRUE
ExpEvo_PRJNA657615_H12_3_1999-10-DD,NA,TRUE
ExpEvo_PRJNA657615_H15_2_1999-10-DD,NA,TRUE
ExpEvo_PRJNA657615_H15_3_1999-10-DD,NA,TRUE
ExpEvo_PRJNA657615_H162_1_1999-10-DD,NA,TRUE
ExpEvo_PRJNA657615_H162_2_1999-10-DD,NA,TRUE
ExpEvo_PRJNA657615_H180_1_1999-10-DD,NA,TRUE
ExpEvo_PRJNA657615_H180_2_1999-10-DD,NA,TRUE
ExpEvo_PRJNA657615_H180_3_1999-10-DD,NA,TRUE
ExpEvo_PRJNA657615_H1_1_1999-10-DD,NA,TRUE
ExpEvo_PRJNA657615_H1_2_1999-10-DD,NA,TRUE
ExpEvo_PRJNA657615_H1_3_1999-10-DD,NA,TRUE
ExpEvo_PRJNA657615_H31_1_1999-10-DD,NA,TRUE
ExpEvo_PRJNA657615_H31_3_1999-10-DD,NA,TRUE
ExpEvo_PRJNA657615_H61_1_1999-10-DD,NA,TRUE
ExpEvo_PRJNA657615_H61_2_1999-10-DD,NA,TRUE
ExpEvo_PRJNA657615_H61_3_1999-10-DD,NA,TRUE
ExpEvo_PRJNA657615_H7_1_1999-10-DD,NA,TRUE
ExpEvo_PRJNA657615_H7_2_1999-10-DD,NA,TRUE
ExpEvo_PRJNA657615_H7_3_1999-10-DD,NA,TRUE
ExpEvo_PRJNA657615_H_pop1_gen12_1999-10-01,NA,TRUE
ExpEvo_PRJNA657615_H_pop1_gen162_1999-10-01,NA,TRUE
ExpEvo_PRJNA657615_H_pop1_gen180_1999-10-01,NA,TRUE
ExpEvo_PRJNA657615_H_pop1_gen1_1999-10-01,NA,TRUE
ExpEvo_PRJNA657615_H_pop1_gen7_1999-10-01,NA,TRUE
ExpEvo_PRJNA657615_H_pop2_gen114_1999-10-01,NA,TRUE
ExpEvo_PRJNA657615_H_pop2_gen12_1999-10-01,NA,TRUE
ExpEvo_PRJNA657615_H_pop2_gen162_1999-10-01,NA,TRUE
ExpEvo_PRJNA657615_H_pop2_gen180_1999-10-01,NA,TRUE
ExpEvo_PRJNA657615_H_pop2_gen1_1999-10-01,NA,TRUE
ExpEvo_PRJNA657615_H_pop2_gen7_1999-10-01,NA,TRUE
ExpEvo_PRJNA657615_H_pop3_gen114_1999-10-01,NA,TRUE
ExpEvo_PRJNA657615_H_pop3_gen15_1999-10-01,NA,TRUE
ExpEvo_PRJNA657615_H_pop3_gen180_1999-10-01,NA,TRUE
ExpEvo_PRJNA657615_H_pop3_gen1_1999-10-01,NA,TRUE
ExpEvo_PRJNA657615_H_pop3_gen7_1999-10-01,NA,TRUE
ExpEvo_PRJNA657615_L117_1_1999-10-DD,NA,TRUE
ExpEvo_PRJNA657615_L117_2_1999-10-DD,NA,TRUE
ExpEvo_PRJNA657615_L149_1_1999-10-DD,NA,TRUE
ExpEvo_PRJNA657615_L149_2_1999-10-DD,NA,TRUE
ExpEvo_PRJNA657615_L149_3_1999-10-DD,NA,TRUE
ExpEvo_PRJNA657615_L17_2_1999-10-DD,NA,TRUE
ExpEvo_PRJNA657615_L17_3_1999-10-DD,NA,TRUE
ExpEvo_PRJNA657615_L180_2_1999-10-DD,NA,TRUE
ExpEvo_PRJNA657615_L180_3_1999-10-DD,NA,TRUE
ExpEvo_PRJNA657615_L34_1_1999-10-DD,NA,TRUE
ExpEvo_PRJNA657615_L34_2_1999-10-DD,NA,TRUE
ExpEvo_PRJNA657615_L4_2_1999-10-DD,NA,TRUE
ExpEvo_PRJNA657615_L4_3_1999-10-DD,NA,TRUE
ExpEvo_PRJNA657615_L59_1_1999-10-DD,NA,TRUE
ExpEvo_PRJNA657615_L59_2_1999-10-DD,NA,TRUE
ExpEvo_PRJNA657615_L91_1_1999-10-DD,NA,TRUE
ExpEvo_PRJNA657615_L91_2_1999-10-DD,NA,TRUE
ExpEvo_PRJNA657615_L_pop1_gen117_1999-10-01,NA,TRUE
ExpEvo_PRJNA657615_L_pop1_gen149_1999-10-01,NA,TRUE
ExpEvo_PRJNA657615_L_pop1_gen34_1999-10-01,NA,TRUE
ExpEvo_PRJNA657615_L_pop1_gen59_1999-10-01,NA,TRUE
ExpEvo_PRJNA657615_L_pop1_gen91_1999-10-01,NA,TRUE
ExpEvo_PRJNA657615_L_pop2_gen117_1999-10-01,NA,TRUE
ExpEvo_PRJNA657615_L_pop2_gen149_1999-10-01,NA,TRUE
ExpEvo_PRJNA657615_L_pop2_gen17_1999-10-01,NA,TRUE
ExpEvo_PRJNA657615_L_pop2_gen180_1999-10-01,NA,TRUE
ExpEvo_PRJNA657615_L_pop2_gen34_1999-10-01,NA,TRUE
ExpEvo_PRJNA657615_L_pop2_gen4_1999-10-01,NA,TRUE
ExpEvo_PRJNA657615_L_pop2_gen59_1999-10-01,NA,TRUE
ExpEvo_PRJNA657615_L_pop2_gen91_1999-10-01,NA,TRUE
ExpEvo_PRJNA657615_L_pop3_gen117_1999-10-01,NA,TRUE
ExpEvo_PRJNA657615_L_pop3_gen149_1999-10-01,NA,TRUE
ExpEvo_PRJNA657615_L_pop3_gen17_1999-10-01,NA,TRUE
ExpEvo_PRJNA657615_L_pop3_gen180_1999-10-01,NA,TRUE
ExpEvo_PRJNA657615_L_pop3_gen4_1999-10-01,NA,TRUE
ExpEvo_PRJNA657615_N180_1_1999-10-DD,NA,TRUE
ExpEvo_PRJNA657615_N180_2_1999-10-DD,NA,TRUE
ExpEvo_PRJNA657615_N180_3_1999-10-DD,NA,TRUE
ExpEvo_PRJNA657615_N_pop1_gen17_1999-10-01,NA,TRUE
ExpEvo_PRJNA657615_N_pop1_gen180_1999-10-01,NA,TRUE
ExpEvo_PRJNA657615_N_pop1_gen4_1999-10-01,NA,TRUE
ExpEvo_PRJNA657615_N_pop2_gen17_1999-10-01,NA,TRUE
ExpEvo_PRJNA657615_N_pop2_gen180_1999-10-01,NA,TRUE
ExpEvo_PRJNA657615_N_pop3_gen17_1999-10-01,NA,TRUE
ExpEvo_PRJNA657615_N_pop3_gen180_1999-10-01,NA,TRUE
ExpEvo_PRJNA657615_N_pop3_gen4_1999-10-01,NA,TRUE
ExpEvo_SRP002024_ACO_1_1975-MM-DD,25,TRUE
ExpEvo_SRP002024_ACO_2_1975-MM-DD,25,TRUE
ExpEvo_SRP002024_ACO_3_1975-MM-DD,25,TRUE
ExpEvo_SRP002024_ACO_4_1975-MM-DD,25,TRUE
ExpEvo_SRP002024_CO_1_1975-MM-DD,25,TRUE
ExpEvo_SRP002024_CO_2_1975-MM-DD,25,TRUE
ExpEvo_SRP002024_CO_3_1975-MM-DD,25,TRUE
ExpEvo_SRP002024_CO_4_1975-MM-DD,25,NA
FI_Cen_Jyv_1_2019-09-19,20,TRUE
FI_Nor_Ves_1_2014-07-26,33,TRUE
FI_Nor_Ves_1_2016-07-29,40,TRUE
FI_Pir_Aka_1_2014-07-25,40,TRUE
FI_Pir_Aka_1_2014-08-27,40,TRUE
FI_Pir_Aka_1_2015-07-21,40,TRUE
FI_Pir_Aka_1_2015-10-01,40,TRUE
FI_Pir_Aka_1_2016-07-24,40,TRUE
FI_Pir_Aka_1_2016-09-17,40,TRUE
FI_Pir_Aka_1_2017-07-20,38,TRUE
FI_Pir_Aka_1_2017-09-25,40,TRUE
FI_Pir_Aka_1_2018-07-17,40,TRUE
FI_Pir_Aka_1_2018-09-20,40,TRUE
FI_Pir_Aka_1_2019-07-19,40,TRUE
FI_Pir_Aka_1_2019-08-25,40,TRUE
FI_Pir_Aka_1_2020-06-28,40,TRUE
FI_Pir_Aka_1_2020-10-04,26,TRUE
FI_Pir_Aka_1_2021-07-07,40,TRUE
FI_Pir_Aka_1_2021-09-17,40,TRUE
FR_Ain_Civ_1_2019-06-15,40,TRUE
FR_Ain_Rey_1_2018-06-16,40,TRUE
FR_Ain_Rey_1_2018-09-15,40,TRUE
FR_Ain_Ver_1_2017-09-21,40,TRUE
FR_Cot_Mar_1_2020-08-02,40,TRUE
FR_Cot_Vie_1_2019-10-19,40,TRUE
FR_Cot_Vie_1_2020-08-03,40,TRUE
FR_Cot_Vie_1_2021-08-11,36,TRUE
FR_Dro_Got_1_2014-07-08,40,TRUE
FR_Dro_Got_1_2015-05-21,40,TRUE
FR_Dro_Got_1_2015-09-09,40,TRUE
FR_Dro_Got_1_2015-10-13,40,TRUE
FR_Dro_Got_1_2016-06-13,40,TRUE
FR_Ess_Vil_1_2014-08-18,40,TRUE
FR_Ess_Vil_1_2014-10-27,40,TRUE
FR_Ess_Vil_1_2015-08-10,40,TRUE
FR_Ess_Vil_1_2015-10-14,40,TRUE
FR_Ess_Vil_1_2016-08-12,40,TRUE
FR_Ess_Vil_1_2017-08-24,40,TRUE
FR_Ess_Vil_1_2017-10-17,40,TRUE
FR_Eur_Sai_1_2018-09-15,30,TRUE
FR_Gua_Des_1_2015-12-16,40,TRUE
FR_Gua_Sai_1_2015-12-23,40,TRUE
FR_Her_Sai_1_2020-11-12,40,TRUE
FR_Her_Sai_1_2021-06-10,40,TRUE
FR_Ill_Sai_1_2017-07-22,40,TRUE
FR_Ill_Sai_1_2017-09-16,40,TRUE
FR_Rho_Lyo_1_2010-07-16,87,TRUE
GA_Hau_Fra_1_2002-03-16,9,TRUE
GB_Eas_Sus_1_2021-07-09,36,TRUE
GB_Eas_Sus_1_2021-09-01,40,TRUE
GB_Edi_Edi_1_2021-08-29,40,TRUE
GB_Edi_Edi_1_2021-10-04,40,TRUE
GB_Edi_Sou_1_2014-07-14,40,TRUE
GB_Fif_Dai_1_2015-08-19,40,TRUE
GB_Fif_Dai_1_2016-08-06,40,TRUE
GB_Fif_Dai_1_2020-MM-DD,40,TRUE
GB_Ken_Ken_1_2019-09-16,40,TRUE
GB_Lei_Lut_1_2014-10-20,40,TRUE
GB_Lei_Mar_1_2014-10-20,40,TRUE
GB_Nor_Mar_1_2015-07-07,40,TRUE
GB_Nor_Mar_1_2016-10-23,40,TRUE
GB_Nor_Mar_1_2017-10-10,34,TRUE
GB_Nor_Mar_2_2017-10-10,34,TRUE
GB_Nor_Mar_3_2017-10-10,40,TRUE
GB_Per_Dru_1_2020-09-07,40,TRUE
GB_Per_Mut_1_2021-08-05,40,TRUE
GB_She_She_1_2014-08-25,40,TRUE
GB_She_She_1_2015-10-04,40,TRUE
GN_Dal_Don_1_2005-06-15,5,TRUE
GR_Kri_Her_1_2020-07-13,20,TRUE
GR_Kri_Ira_1_2017-11-06,40,TRUE
GR_Kri_Ira_1_2018-10-11,40,TRUE
GR_Kri_Ira_1_2019-MM-DD,30,TRUE
GR_Kri_Ira_1_2021-10-20,40,TRUE
HU_Pes_Pil_1_2018-07-04,40,TRUE
HU_Pes_Pil_1_2018-10-30,40,TRUE
HU_Pes_Pil_1_2020-08-17,40,TRUE
HU_Sze_Sze_1_2016-08-28,40,TRUE
IT_Sas_Rec_1_2018-10-18,NA,TRUE
IT_Tre_Mez_1_2015-09-29,40,TRUE
IT_Tre_Mez_1_2015-10-10,40,TRUE
IT_Tre_Mez_1_2016-08-24,40,TRUE
IT_Tre_San_1_2019-10-01,40,TRUE
IT_Tre_San_1_2021-06-28,36,TRUE
IT_Tre_San_1_2021-10-01,36,TRUE
KE_Cen_Nya_1_2009-01-16,5,TRUE
MA_Ori_Ber_1_2017-07-10,17,TRUE
MA_Ori_Ber_1_2017-09-15,22,TRUE
MA_Ori_Ber_1_2018-07-16,18,TRUE
MA_Ori_Ber_1_2019-09-11,33,TRUE
MA_Ori_Ber_1_2020-09-21,40,TRUE
MA_Ori_Nad_1_2016-07-21,23,TRUE
MA_Ori_Nad_1_2016-10-04,25,TRUE
MA_Tan_Lar_1_2021-09-06,40,TRUE
ME_Her_Her_1_2019-09-19,40,TRUE
ME_Her_Kam_1_2017-09-20,40,TRUE
NG_Bor_Mai_1_2004-09-16,6,TRUE
NL_Gro_Gro_1_2017-10-11,40,TRUE
NL_Gro_Gro_1_2019-10-09,30,TRUE
NL_Gro_Gro_1_2020-10-15,27,TRUE
NL_Utr_Hou_1_1998-07-01,19,TRUE
PA_Pan_Pan_1_2012-01-16,50,TRUE
PL_Lub_Lub_1_2019-09-10,40,TRUE
PL_Pom_Gda_1_2016-08-01,40,TRUE
PL_War_Brz_1_2015-09-28,40,TRUE
PL_War_Brz_1_2016-08-08,40,TRUE
PL_War_Brz_1_2017-08-20,40,TRUE
PT_Por_Rec_1_2014-09-26,40,TRUE
PT_Por_Rec_1_2015-09-01,40,TRUE
PT_Por_Rec_1_2016-10-01,40,TRUE
PT_Por_Rec_1_2018-10-18,40,NA
RS_Mac_Zaj_1_2020-09-13,40,TRUE
RS_Sre_Sla_1_2016-06-18,40,TRUE
RS_Sre_Sla_1_2016-09-09,40,TRUE
RS_Sre_Sla_1_2017-06-28,40,TRUE
RS_Sre_Sla_1_2017-09-28,40,TRUE
RS_Sre_Sla_1_2019-06-14,39,TRUE
RS_Sre_Sla_1_2021-09-14,38,TRUE
RS_Sre_Sla_1_2021-MM-DD,40,TRUE
RS_Sre_Sta_1_2019-07-21,40,TRUE
RS_Sre_Sta_1_2019-09-19,40,TRUE
RS_Sre_Sta_1_2020-07-02,40,TRUE
RS_Sre_Sta_1_2020-09-14,40,TRUE
RS_Sre_Sta_1_2021-06-22,40,TRUE
RS_Zaj_Kal_1_2016-06-30,40,TRUE
RS_Zaj_Kal_1_2016-09-13,40,TRUE
RU_Cri_Yal_1_2014-06-20,40,TRUE
RU_Cri_Yal_1_2014-08-27,40,TRUE
RU_Cri_Yal_1_2015-06-24,40,TRUE
RU_Cri_Yal_1_2015-08-24,40,TRUE
RU_Cri_Yal_1_2016-08-20,40,TRUE
RU_Nov_Val_1_2014-08-17,40,TRUE
RU_Nov_Val_1_2015-08-23,40,TRUE
RU_Nov_Val_1_2015-10-05,40,TRUE
RU_Nov_Val_1_2016-08-23,40,TRUE
RU_Nov_Val_1_2016-09-29,40,TRUE
RU_Nov_Val_1_2016-10-24,40,TRUE
RU_Nov_Val_1_2017-08-25,40,TRUE
RU_Nov_Val_1_2017-10-01,40,TRUE
RU_Nov_Val_1_2018-08-28,40,TRUE
RU_Tul_Tul_1_2015-09-20,40,TRUE
RU_Vla_Ale_1_2015-09-15,40,TRUE
RU_Vla_Ale_1_2016-10-15,40,TRUE
RU_Vla_Ale_1_2017-08-15,40,TRUE
RU_Vla_Ale_1_2018-09-09,40,TRUE
RU_Vla_Ale_1_2018-10-13,40,TRUE
RW_Wes_Gik_1_2008-12-16,27,TRUE
SE_Ska_Lun_1_2014-07-31,40,TRUE
SE_Ska_Lun_1_2015-08-08,40,TRUE
SE_Ska_Lun_1_2015-08-24,40,TRUE
SIM_SIM_w501_1_NA-MM-DD,1,TRUE
TR_Ank_Yes_1_2014-08-31,40,TRUE
TR_Ank_Yes_1_2014-10-23,40,TRUE
TR_Ank_Yes_1_2015-05-01,40,TRUE
TR_Ank_Yes_1_2015-06-01,40,TRUE
TR_Ank_Yes_1_2015-07-28,40,TRUE
TR_Ank_Yes_1_2015-08-27,40,TRUE
TR_Ank_Yes_1_2015-09-17,40,TRUE
TR_Ank_Yes_1_2015-10-15,40,TRUE
TR_Ank_Yes_1_2016-05-26,40,TRUE
TR_Ank_Yes_1_2016-06-25,40,TRUE
TR_Ank_Yes_1_2016-07-27,40,TRUE
TR_Ank_Yes_1_2016-08-24,40,TRUE
TR_Ank_Yes_1_2016-09-27,40,TRUE
TR_Ank_Yes_1_2016-10-13,40,TRUE
TR_Ank_Yes_1_2017-06-07,40,TRUE
TR_Ank_Yes_1_2017-06-30,40,TRUE
TR_Ank_Yes_1_2017-07-29,37,NA
TR_Ank_Yes_1_2017-08-30,30,TRUE
TR_Ank_Yes_1_2017-09-26,30,TRUE
TR_Ank_Yes_1_2017-10-13,40,TRUE
TR_Ank_Yes_1_2018-05-19,40,TRUE
TR_Ank_Yes_1_2018-06-25,40,TRUE
TR_Ank_Yes_1_2018-07-28,40,TRUE
TR_Ank_Yes_1_2018-08-27,40,TRUE
TR_Ank_Yes_1_2018-09-27,40,TRUE
TR_Ank_Yes_1_2018-10-12,40,TRUE
TR_Ank_Yes_1_2019-06-26,40,TRUE
TR_Ank_Yes_1_2019-08-14,40,TRUE
TR_Ank_Yes_1_2019-09-17,30,TRUE
TR_Ank_Yes_1_2019-10-10,40,TRUE
TR_Ank_Yes_1_2020-05-21,40,TRUE
TR_Ank_Yes_1_2020-06-26,40,TRUE
TR_Ank_Yes_1_2020-07-13,40,TRUE
TR_Ank_Yes_1_2020-08-18,40,TRUE
TR_Ank_Yes_1_2020-09-16,40,TRUE
TR_Ank_Yes_1_2020-10-14,40,TRUE
TR_Ank_Yes_1_2021-05-19,40,TRUE
TR_Ank_Yes_1_2021-06-25,40,TRUE
TR_Ank_Yes_1_2021-07-27,40,TRUE
TR_Ank_Yes_1_2021-08-19,40,TRUE
TR_Ank_Yes_1_2021-09-20,40,TRUE
TR_Ank_Yes_1_2021-10-16,40,TRUE
UA_Che_Dmy_1_2021-07-17,40,TRUE
UA_Che_Kan_1_2016-07-08,40,TRUE
UA_Che_Uma_1_2014-10-01,40,TRUE
UA_Che_Uma_1_2015-09-26,40,TRUE
UA_Che_Uma_1_2016-09-11,40,TRUE
UA_Che_Uma_1_2016-09-17,40,TRUE
UA_Che_Uma_1_2017-09-16,40,TRUE
UA_Che_Uma_1_2017-10-07,40,TRUE
UA_Che_Uma_1_2018-09-21,40,TRUE
UA_Che_Uma_1_2019-08-13,36,TRUE
UA_Che_Uma_1_2019-10-14,40,TRUE
UA_Che_Uma_1_2019-10-20,40,TRUE
UA_Che_Uma_1_2020-08-19,40,TRUE
UA_Che_Uma_1_2020-09-27,40,TRUE
UA_Che_Uma_1_2021-09-19,40,TRUE
UA_Che_Var_1_2014-08-18,40,TRUE
UA_Che_Var_1_2015-08-25,40,TRUE
UA_Che_Var_1_2016-08-26,40,TRUE
UA_Che_Var_1_2018-09-03,40,TRUE
UA_Che_Var_1_2019-09-14,38,TRUE
UA_Che_Var_1_2020-10-11,40,TRUE
UA_Che_Var_1_2021-09-26,40,TRUE
UA_Don_Mar_1_2021-08-23,40,TRUE
UA_Don_Mar_2_2021-08-23,40,TRUE
UA_Don_Roz_1_2021-08-12,40,TRUE
UA_Kha_Kha_1_2014-07-26,40,TRUE
UA_Kha_Kha_1_2014-09-14,40,TRUE
UA_Kha_Kha_1_2015-08-20,40,TRUE
UA_Kha_Kha_1_2016-08-18,40,TRUE
UA_Kha_Kha_1_2018-09-24,40,TRUE
UA_Kha_Kha_1_2021-08-18,40,TRUE
UA_Kie_Cho_1_2014-09-13,40,TRUE
UA_Kie_Cho_1_2015-06-15,40,TRUE
UA_Kie_Cho_1_2015-07-07,40,TRUE
UA_Kie_Cho_1_2015-08-20,40,TRUE
UA_Kie_Cho_1_2015-08-26,40,TRUE
UA_Kie_Cho_1_2016-09-04,40,TRUE
UA_Kie_Cho_1_2016-09-05,40,TRUE
UA_Kie_Cho_1_2019-09-06,35,TRUE
UA_Kie_Cho_2_2014-09-13,40,TRUE
UA_Kie_Cho_2_2015-08-26,40,TRUE
UA_Kie_Cho_2_2016-09-04,40,TRUE
UA_Kie_Cho_3_2014-09-13,35,TRUE
UA_Kie_Cho_3_2015-08-26,40,TRUE
UA_Kie_Cho_4_2014-09-13,40,TRUE
UA_Kie_Cho_4_2015-08-26,40,TRUE
UA_Kie_Cho_5_2015-08-26,40,TRUE
UA_Kie_Cho_6_2015-08-26,40,TRUE
UA_Kie_Hle_1_2021-08-29,40,TRUE
UA_Kie_Kho_1_2021-08-09,40,TRUE
UA_Kie_Kop_1_2019-09-06,38,TRUE
UA_Kie_Kyi_1_2014-08-09,40,TRUE
UA_Kie_Kyi_1_2014-09-08,40,TRUE
UA_Kie_Kyi_1_2014-10-11,40,TRUE
UA_Kie_Kyi_1_2015-08-10,40,TRUE
UA_Kie_Kyi_1_2016-08-06,40,TRUE
UA_Kie_Kyi_1_2016-09-04,40,TRUE
UA_Kie_Kyi_1_2016-10-03,40,TRUE
UA_Kie_Kyi_1_2020-09-29,40,TRUE
UA_Kie_Pri_1_2016-09-03,40,TRUE
UA_Kie_Vys_1_2017-08-11,40,TRUE
UA_Kie_Vys_1_2017-09-03,40,TRUE
UA_Kie_Vys_1_2017-09-26,40,TRUE
UA_Kie_Vys_1_2017-10-19,40,TRUE
UA_Kie_Vys_1_2018-07-25,40,TRUE
UA_Kie_Vys_1_2018-08-29,40,TRUE
UA_Kie_Vys_1_2018-09-27,40,TRUE
UA_Kie_Vys_1_2019-08-12,40,TRUE
UA_Kie_Vys_1_2019-09-02,40,TRUE
UA_Kie_Vys_1_2020-08-18,40,TRUE
UA_Kie_Vys_1_2020-09-21,40,TRUE
UA_Kie_Vys_1_2020-10-15,30,TRUE
UA_Kie_Vys_1_2021-08-01,40,TRUE
UA_Kie_Vys_1_2021-09-19,40,TRUE
UA_Lvi_Dro_1_2014-08-24,40,TRUE
UA_Lvi_Dro_1_2015-09-18,40,TRUE
UA_Lvi_Dro_1_2016-09-12,40,TRUE
UA_Myk_Ryb_1_2021-07-22,40,TRUE
UA_Ode_Ode_1_2013-05-16,37,TRUE
UA_Ode_Ode_1_2013-10-15,61,TRUE
UA_Ode_Ode_1_2014-07-03,40,TRUE
UA_Ode_Ode_1_2014-07-22,40,TRUE
UA_Ode_Ode_1_2014-08-29,40,TRUE
UA_Ode_Ode_1_2014-10-10,40,TRUE
UA_Ode_Ode_1_2015-06-30,40,TRUE
UA_Ode_Ode_1_2015-07-26,40,TRUE
UA_Ode_Ode_1_2015-08-27,40,TRUE
UA_Ode_Ode_1_2015-09-26,40,TRUE
UA_Ode_Ode_1_2016-08-20,40,TRUE
UA_Ode_Ode_1_2016-09-15,40,TRUE
UA_Ode_Ode_1_2017-08-12,23,TRUE
UA_Ode_Ode_1_2017-09-23,40,TRUE
UA_Ode_Ode_1_2018-06-30,40,TRUE
UA_Ode_Ode_1_2018-08-15,40,TRUE
UA_Ode_Ode_1_2018-09-15,40,TRUE
UA_Ode_Ode_1_2019-06-15,40,TRUE
UA_Ode_Ode_1_2019-09-06,35,TRUE
UA_Ode_Ode_1_2020-08-28,40,TRUE
UA_Ode_Ode_1_2020-09-26,40,TRUE
UA_Ode_Ode_1_2020-09-28,40,TRUE
UA_Ode_Ode_1_2020-10-30,40,TRUE
UA_Ode_Ode_1_2021-11-11,40,TRUE
UA_Pol_Pyr_1_2014-08-20,40,TRUE
UA_Pol_Pyr_1_2015-08-26,40,TRUE
UA_Pol_Pyr_1_2016-08-23,40,TRUE
UA_Pol_Pyr_1_2017-08-22,40,TRUE
UA_Pol_Pyr_1_2017-09-03,32,TRUE
UA_Pol_Pyr_1_2019-08-25,40,TRUE
UA_Pol_Pyr_1_2019-09-06,38,TRUE
UA_Pol_Pyr_1_2021-07-29,40,TRUE
UA_Vol_Lut_1_2019-08-28,40,TRUE
UA_Zap_Zap_1_2019-06-17,36,TRUE
UG_Kis_Kis_1_2012-01-16,5,TRUE
US_Cal_And_-1_2013-10-15,317,TRUE
US_Cal_And_0_2013-10-15,634,TRUE
US_Cal_And_10_2013-10-15,24,TRUE
US_Cal_And_11_2013-10-15,24,TRUE
US_Cal_And_12_2013-10-15,24,TRUE
US_Cal_And_13_2013-10-15,72,TRUE
US_Cal_And_14_2013-10-15,72,TRUE
US_Cal_And_15_2013-10-15,125,TRUE
US_Cal_And_16_2013-10-15,125,TRUE
US_Cal_And_17_2013-10-15,72,TRUE
US_Cal_And_18_2013-10-15,72,TRUE
US_Cal_And_19_2013-10-15,24,TRUE
US_Cal_And_1_2013-10-15,24,TRUE
US_Cal_And_20_2013-10-15,24,TRUE
US_Cal_And_2_2013-10-15,24,TRUE
US_Cal_And_3_2013-10-15,72,TRUE
US_Cal_And_4_2013-10-15,72,TRUE
US_Cal_And_5_2013-10-15,125,TRUE
US_Cal_And_6_2013-10-15,125,TRUE
US_Cal_And_7_2013-10-15,72,TRUE
US_Cal_And_8_2013-10-15,72,TRUE
US_Cal_And_9_2013-10-15,24,TRUE
US_Cal_Esp_1_2012-06-13,27,TRUE
US_Cal_Esp_1_2012-08-22,92,TRUE
US_Cal_Esp_1_2012-11-20,92,TRUE
US_Cal_Esp_1_2013-05-07,50,TRUE
US_Cal_Esp_1_2013-09-01,57,TRUE
US_Cal_Pla_1_2012-08-25,100,TRUE
US_Cal_Pla_1_2012-11-18,56,TRUE
US_Cal_Pla_1_2013-08-30,88,TRUE
US_Cal_Pla_1_2013-12-16,72,TRUE
US_Cal_Sto_1_2012-10-01,100,TRUE
US_Cal_Sto_1_2012-11-15,58,TRUE
US_Cal_Sto_1_2013-09-03,72,TRUE
US_Cal_Tuo_1_2012-10-10,116,TRUE
US_Cal_Tuo_1_2012-11-17,60,TRUE
US_Cal_Tuo_1_2013-05-14,98,TRUE
US_Cal_Tuo_1_2013-08-31,100,TRUE
US_Cal_Tuo_1_2013-12-08,100,TRUE
US_Cal_Win_1_1998-07-02,35,TRUE
US_Flo_Hom_1_2004-07-01,16,TRUE
US_Flo_Hom_1_2010-07-15,39,TRUE
US_Flo_Hom_1_2010-12-16,48,TRUE
US_Flo_Hom_2_2004-07-01,16,TRUE
US_Geo_Ath_1_2014-06-17,44,TRUE
US_Geo_Ath_1_2014-10-15,99,TRUE
US_Geo_Hah_1_2008-07-16,51,TRUE
US_Ill_Urb_1_2015-07-11,184,TRUE
US_Kan_Top_1_2014-06-22,72,TRUE
US_Kan_Top_1_2014-10-22,48,TRUE
US_Lou_Bat_0_2013-09-15,634,TRUE
US_Lou_Bat_10_2013-09-15,24,TRUE
US_Lou_Bat_1_2013-09-15,24,TRUE
US_Lou_Bat_2_2013-09-15,72,TRUE
US_Lou_Bat_3_2013-09-15,125,TRUE
US_Lou_Bat_4_2013-09-15,72,TRUE
US_Lou_Bat_5_2013-09-15,24,TRUE
US_Lou_Bat_6_2013-09-15,24,TRUE
US_Lou_Bat_7_2013-09-15,72,TRUE
US_Lou_Bat_8_2013-09-15,125,TRUE
US_Lou_Bat_9_2013-09-15,72,TRUE
US_Lou_Wes_0_2013-09-15,634,TRUE
US_Lou_Wes_10_2013-09-15,24,TRUE
US_Lou_Wes_1_2013-09-15,24,TRUE
US_Lou_Wes_2_2013-09-15,72,TRUE
US_Lou_Wes_3_2013-09-15,125,TRUE
US_Lou_Wes_4_2013-09-15,72,TRUE
US_Lou_Wes_5_2013-09-15,24,TRUE
US_Lou_Wes_6_2013-09-15,24,TRUE
US_Lou_Wes_7_2013-09-15,72,TRUE
US_Lou_Wes_8_2013-09-15,125,TRUE
US_Lou_Wes_9_2013-09-15,72,TRUE
US_Mai_Bow_1_2004-07-01,16,TRUE
US_Mai_Bow_1_2009-10-15,86,TRUE
US_Mai_Bow_2_2009-10-15,75,TRUE
US_Mai_Wal_1_2004-07-01,16,TRUE
US_Mas_Lan_1_2012-07-28,100,TRUE
US_Mas_Lan_1_2012-10-02,63,TRUE
US_Mas_Lan_1_2014-07-20,32,TRUE
US_Mas_Lan_1_2014-10-20,90,TRUE
US_Mic_Ben_1_2014-07-26,106,TRUE
US_Mic_Ben_1_2014-11-05,34,TRUE
US_New_Ith_1_2004-07-01,19,TRUE
US_New_Ith_1_2012-07-25,30,TRUE
US_New_Ith_1_2012-09-23,58,TRUE
US_Nor_Ral_1_2003-07-01,205,TRUE
US_Nor_Ral_2_2003-07-01,92,TRUE
US_Pen_Lin_1_2009-07-15,55,TRUE
US_Pen_Lin_1_2009-11-16,74,TRUE
US_Pen_Lin_1_2010-07-15,116,TRUE
US_Pen_Lin_1_2010-11-16,33,TRUE
US_Pen_Lin_1_2011-07-15,75,TRUE
US_Pen_Lin_1_2011-10-15,47,TRUE
US_Pen_Lin_1_2011-11-16,50,TRUE
US_Pen_Lin_1_2012-07-16,115,TRUE
US_Pen_Lin_1_2012-09-13,50,TRUE
US_Pen_Lin_1_2012-10-10,100,TRUE
US_Pen_Lin_1_2013-06-15,54,TRUE
US_Pen_Lin_1_2014-06-27,92,TRUE
US_Pen_Lin_1_2014-10-17,50,TRUE
US_Pen_Lin_1_2015-07-15,74,TRUE
US_Pen_Lin_1_2015-10-15,52,TRUE
US_Pen_Sta_1_2014-06-18,45,TRUE
US_Pen_Sta_1_2014-10-16,67,TRUE
US_Pen_Sta_1_2015-07-18,47,TRUE
US_Rho_Pro_10_2015-06-11,34,TRUE
US_Rho_Pro_11_2015-06-11,34,TRUE
US_Rho_Pro_12_2015-06-11,34,TRUE
US_Rho_Pro_1_2014-09-25,41,TRUE
US_Rho_Pro_1_2015-06-11,34,TRUE
US_Rho_Pro_2_2014-09-25,41,TRUE
US_Rho_Pro_2_2015-06-11,34,TRUE
US_Rho_Pro_3_2014-09-25,41,TRUE
US_Rho_Pro_3_2015-06-11,34,TRUE
US_Rho_Pro_4_2014-09-25,41,TRUE
US_Rho_Pro_4_2015-06-11,34,TRUE
US_Rho_Pro_5_2014-09-25,41,TRUE
US_Rho_Pro_5_2015-06-11,34,TRUE
US_Rho_Pro_6_2015-06-11,34,TRUE
US_Rho_Pro_7_2015-06-11,34,TRUE
US_Rho_Pro_8_2015-06-11,34,TRUE
US_Rho_Pro_9_2015-06-11,34,TRUE
US_Sou_Eut_1_2010-07-15,48,TRUE
US_Tex_Lub_0_2013-09-15,634,TRUE
US_Tex_Lub_10_2013-09-15,24,TRUE
US_Tex_Lub_1_2013-09-15,24,TRUE
US_Tex_Lub_2_2013-09-15,72,TRUE
US_Tex_Lub_3_2013-09-15,125,TRUE
US_Tex_Lub_4_2013-09-15,72,TRUE
US_Tex_Lub_5_2013-09-15,24,TRUE
US_Tex_Lub_6_2013-09-15,24,TRUE
US_Tex_Lub_7_2013-09-15,72,TRUE
US_Tex_Lub_8_2013-09-15,125,TRUE
US_Tex_Lub_9_2013-09-15,72,TRUE
US_Tex_Sto_0_2013-09-15,634,TRUE
US_Tex_Sto_10_2013-09-15,24,TRUE
US_Tex_Sto_1_2013-09-15,24,TRUE
US_Tex_Sto_2_2013-09-15,72,TRUE
US_Tex_Sto_3_2013-09-15,125,TRUE
US_Tex_Sto_4_2013-09-15,72,TRUE
US_Tex_Sto_5_2013-09-15,24,TRUE
US_Tex_Sto_6_2013-09-15,24,TRUE
US_Tex_Sto_7_2013-09-15,72,TRUE
US_Tex_Sto_8_2013-09-15,125,TRUE
US_Tex_Sto_9_2013-09-15,72,TRUE
US_Vir_Cha_1_2012-07-18,95,TRUE
US_Vir_Cha_1_2012-11-05,50,TRUE
US_Vir_Cha_1_2014-06-25,104,TRUE
US_Vir_Cha_1_2014-10-14,76,TRUE
US_Vir_Cha_1_2015-07-01,65,TRUE
US_Vir_Cha_1_2015-10-19,89,TRUE
US_Vir_Cha_1_2016-06-24,37,TRUE
US_Vir_Cha_1_2016-07-08,36,TRUE
US_Vir_Cha_1_2016-07-22,22,TRUE
US_Vir_Cha_1_2016-08-19,23,TRUE
US_Vir_Cha_1_2016-09-02,146,TRUE
US_Vir_Cha_1_2016-09-16,113,TRUE
US_Vir_Cha_1_2016-10-03,40,TRUE
US_Vir_Cha_1_2016-10-14,150,TRUE
US_Vir_Cha_1_2016-10-28,118,TRUE
US_Vir_Cha_1_2016-11-11,86,TRUE
US_Vir_Cha_1_2016-12-03,70,TRUE
US_Vir_Cha_1_2017-06-22,39,TRUE
US_Vir_Cha_1_2017-07-07,45,TRUE
US_Vir_Cha_1_2017-07-20,69,TRUE
US_Vir_Cha_1_2017-08-03,29,TRUE
US_Vir_Cha_1_2017-08-17,32,TRUE
US_Vir_Cha_1_2017-08-31,87,TRUE
US_Vir_Cha_1_2017-09-14,92,TRUE
US_Vir_Cha_1_2017-09-28,136,TRUE
US_Vir_Cha_1_2017-10-12,107,TRUE
US_Vir_Cha_1_2017-10-26,120,TRUE
US_Vir_Cha_1_2017-11-09,122,TRUE
US_Vir_Cha_1_2017-11-24,21,TRUE
US_Vir_Cha_1_2017-12-07,24,TRUE
US_Vir_Cha_1_2018-06-28,10,TRUE
US_Vir_Cha_1_2018-07-05,26,TRUE
US_Vir_Cha_1_2018-07-12,58,TRUE
US_Vir_Cha_1_2018-07-26,70,TRUE
US_Vir_Cha_1_2018-08-09,84,TRUE
US_Vir_Cha_1_2018-08-23,69,TRUE
US_Vir_Cha_1_2018-09-06,60,TRUE
US_Vir_Cha_1_2018-09-20,77,TRUE
US_Vir_Cha_1_2018-10-04,108,TRUE
US_Vir_Cha_1_2018-10-18,136,TRUE
US_Vir_Cha_1_2018-10-25,122,TRUE
US_Vir_Cha_1_2018-11-01,103,TRUE
US_Vir_Cha_1_2018-11-29,16,TRUE
US_Vir_Cha_1_2019-06-18,40,TRUE
US_Vir_Cha_1_2019-08-14,30,TRUE
US_Vir_Cha_1_2019-09-06,40,TRUE
US_Vir_Cha_1_2020-07-03,40,TRUE
US_Vir_Cha_1_2020-08-21,23,TRUE
US_Vir_Cha_1_2020-09-30,27,TRUE
US_Vir_Cha_1_2021-10-15,40,TRUE
US_Was_Tac_1_2014-07-15,70,TRUE
US_Wis_Cro_1_2012-06-10,83,TRUE
US_Wis_Cro_1_2012-09-11,164,TRUE
US_Wis_Cro_1_2012-10-20,100,TRUE
US_Wis_Cro_1_2013-07-02,130,TRUE
US_Wis_Cro_1_2013-09-22,61,TRUE
US_Wis_Cro_1_2014-06-25,130,TRUE
US_Wis_Cro_1_2014-09-18,61,TRUE
ZA_Eas_Bar_1_2011-12-16,5,TRUE
ZA_Lim_Pha_1_2010-07-16,30,TRUE
ZA_Mpu_Dul_1_2011-12-16,76,TRUE
ZM_Sou_Sia_1_2010-07-16,196,TRUE
ZW_Mat_Vic_1_2001-07-16,9,TRUE
